salesforce_id,name,email,last_verification_email_sent_at,email_verified_at,password,country,phone_code,phone_number,remember_token,created_at,updated_at,activated_at,website,zip_code,first_name,last_name,job_role,user_ip,terms_accepted,status,id_role
5ad75e0f-9442-44e2-8b4a-6419f746d871,Tracy Curry,zdavis1188@callahan-wagner.info,2024-11-17T02:04:41,2024-11-17T02:04:41,Ts5S*PbS0%,Latvia,+316,263.582.8269x3824,2c8a4d4b-61cd-4d94-8d4e-c09efa3dff3d,2024-11-16T23:14:41,2025-01-16T17:21:25.896422,2024-11-17T13:06:41,http://watson.com/,11458,Christopher,Bailey,Tour manager,199.137.9.86,False,True,4
26b69001-bfe2-401d-83b0-ea52ea1d2e49,Jennifer Alexander,jack01547@yahoo.com,2024-12-30T06:57:29,2024-12-30T06:57:29,l33ngVtc&Y,Gabon,+370,+1-589-533-0048,c5bc4d56-8b9e-4ace-bd01-61751ea82b5d,2024-12-29T18:47:29,2025-01-16T17:21:25.901423,2024-12-30T15:00:29,https://www.gallegos.com/,47484,Justin,Smith,"Nurse, adult",99.126.149.96,True,True,1
c11ae29b-8fc8-4744-b414-7d1b791c3901,Kayla Johnson,natalie48221@hotmail.com,2024-09-18T07:32:20,2024-09-18T07:32:20,SMFRkrg0#0,Sierra Leone,+697,277-358-4982,d7bc8089-95db-4386-a7ae-67d99dfdb18d,2024-09-17T16:27:20,2025-01-16T17:21:25.904444,2024-09-18T19:25:20,https://parsons.com/,19196,Brittany,Reid,Water quality scientist,205.249.114.241,True,True,5
58bfd75b-398f-422b-9942-e8e2b0b81593,Amy Peterson,wking155@smith.com,2024-08-10T21:27:51,2024-08-10T21:27:51,&7tQkrd@R0,Cook Islands,+902,444-979-5274x6173,179795e8-c03f-4557-bdf4-9e76797fddc2,2024-08-10T06:19:51,2025-01-16T17:21:25.905444,2024-08-11T02:19:51,http://wiggins-williams.com/,89110,Diane,Miller,Agricultural engineer,1.131.27.26,False,True,5
77a4ccb0-118a-47d1-a46c-1da02632f0ae,Brian Hunter,mark861407@gmail.com,2024-01-25T23:20:13,2024-01-25T23:20:13,6+hX^u#e#o,Mayotte,+666,(448)532-0733x739,0d4ed546-a515-4b13-b4a9-3595dbddd244,2024-01-24T23:20:13,2025-01-16T17:21:25.905444,2024-01-26T03:50:13,http://montgomery.com/,79399,Michael,Hart,Dramatherapist,223.191.99.112,True,True,2
651f7ac0-9338-45be-be77-642e9127aea5,Michael Hart,bclark45@hotmail.com,2024-06-23T19:08:21,2024-06-23T19:08:21,2f3)xLVv^X,Paraguay,+745,+1-286-412-4069,f63b7493-3e50-4948-b243-38ffb8ae8352,2024-06-23T03:16:21,2025-01-16T17:21:25.906444,2024-06-23T21:15:21,http://www.boyer.com/,13503,Paula,Adams,Video editor,185.66.176.214,True,True,5
c9311c76-60fc-4327-b114-7bfa5bba3106,Joshua Garcia,romerolaura977@hotmail.com,2024-05-15T21:11:00,2024-05-15T21:11:00,4R(YxwTd*c,Egypt,+945,+1-520-538-7641x128,2a418828-12b8-44e1-bee1-e0bf75c81888,2024-05-15T02:38:00,2025-01-16T17:21:25.908444,2024-05-16T00:11:00,https://www.carr-hayes.com/,79177,Denise,Weaver,Video editor,175.51.180.244,True,True,1
67d9690d-3179-46be-9609-ce1d43328ff1,Lauren Soto,michaelsmith867@outlook.com,2024-07-05T04:41:03,2024-07-05T04:41:03,tY4UO(ha+8,Norway,+957,+1-641-713-4644x90063,d626352d-7c5c-4083-ab7b-eef33fdb7183,2024-07-04T23:40:03,2025-01-16T17:21:25.909443,2024-07-05T07:47:03,http://nguyen.org/,13753,John,Hanson,"Psychotherapist, child",214.15.55.254,False,True,2
fe510dae-9b08-4d3d-ab2d-24a23c9994c2,Jessica Arroyo,ywilliams402@hotmail.com,2024-02-12T14:56:39,2024-02-12T14:56:39,6n783O9i#l,Italy,+931,882.758.7121,3c1b55af-b848-47e4-9c71-e9c85a392a61,2024-02-11T19:29:39,2025-01-16T17:21:25.909443,2024-02-12T18:36:39,https://www.wells.biz/,23616,Robert,Villegas,Sports development officer,157.20.243.123,True,True,2
960f3f49-90ee-476e-8606-aff7470ecaf6,Regina Novak,gjackson1357@hotmail.com,2024-02-02T20:39:23,2024-02-02T20:39:23,C#c5dw4gKO,Estonia,+127,8808478392,39b05097-fbbf-449a-9cef-af25e18027b2,2024-02-02T18:36:23,2025-01-16T17:21:25.910444,2024-02-02T21:29:23,https://perez-washington.com/,91996,Paige,Nielsen,Public affairs consultant,91.4.63.204,False,False,4
04f82599-51e7-4ec5-9682-fb92772eafcc,James Sloan,ipalmer899@elliott.com,2024-04-12T10:34:47,2024-04-12T10:34:47,E+cUb0Spu%,Panama,+497,710-863-5774x12437,1b4e7afa-9619-4864-b3bc-88137dd7cd7b,2024-04-11T19:23:47,2025-01-16T17:21:25.910444,2024-04-12T17:06:47,http://www.rocha-parker.com/,45257,Maurice,Carpenter,"Embryologist, clinical",105.220.201.153,True,True,4
9c9e26ab-a04a-4922-8e4a-6b3427fde277,Anthony Hernandez,pennyfrye298@hotmail.com,2024-12-22T08:55:42,2024-12-22T08:55:42,NB0ATQwp@k,Palau,+631,381-984-4256x2075,904a00a1-d8fb-4e13-9db2-871bc11626ca,2024-12-21T10:20:42,2025-01-16T17:21:25.911444,2024-12-22T11:08:42,http://curtis.com/,92551,Emily,Jenkins,Printmaker,51.169.80.7,True,True,4
df0958ee-9c29-4111-8d57-7dfd7ddb1766,Brittany Gonzalez,robert09717@outlook.com,2024-04-21T11:43:54,2024-04-21T11:43:54,@)5B7Zc$nl,Guernsey,+433,(524)846-6238,243ba102-4ad6-4659-8430-432c4a77b3f9,2024-04-20T20:19:54,2025-01-16T17:21:25.912444,2024-04-21T13:19:54,https://www.graham-perez.com/,63917,Julie,Pittman,Fine artist,207.93.91.165,False,True,4
d9ffc5c1-03db-46fe-a2e2-bc3906e21c38,Jasmine Mccormick,russellashley853@hotmail.com,2024-08-25T08:58:21,2024-08-25T08:58:21,@*AgjWcG)1,Switzerland,+366,+1-853-636-3495x13872,6d42c495-1d61-43ca-a443-e52b34976a8f,2024-08-24T12:08:21,2025-01-16T17:21:25.912444,2024-08-25T18:24:21,https://www.wagner.com/,55172,Derek,Lowery,Cabin crew,176.13.252.128,True,True,1
9c16dc91-9e18-4ce8-a296-30d1b6b6dbb4,Mary Robinson,scott91801@yahoo.com,2024-10-10T10:35:02,2024-10-10T10:35:02,q@th6W_zZ!,Colombia,+784,420.270.0170,4515e49c-66b7-44d2-a36d-9c90619a7691,2024-10-09T12:55:02,2025-01-16T17:21:25.913518,2024-10-10T13:13:02,http://www.flynn.com/,58676,Ernest,Medina,Further education lecturer,96.5.88.233,False,True,1
3b2cca98-9a19-4063-921f-f421da2f7eb9,Sierra Holmes,brittany24878@gmail.com,2024-12-23T19:15:56,2024-12-23T19:15:56,O81!vXq!(F,Senegal,+647,+1-475-924-6674x239,d024e493-6f04-4fb4-94b2-aa5b24f2fe23,2024-12-23T18:50:56,2025-01-16T17:21:25.913518,2024-12-23T20:03:56,http://www.arroyo.info/,07473,John,Luna,Drilling engineer,17.218.59.208,True,False,4
ba295848-2f3d-4eaa-b91b-c4ba4a2fa665,Kevin Alvarez,cummingstimothy820@butler.com,2024-11-21T13:35:10,2024-11-21T13:35:10,+9gNZVsn@+,Yemen,+674,221.919.8589,8ec640f3-ae53-41c5-8241-82b1e0b39079,2024-11-20T21:56:10,2025-01-16T17:21:25.914517,2024-11-21T16:09:10,http://ramos-young.com/,09225,Bradley,Flowers,Academic librarian,165.5.137.215,True,True,4
ef0fd24b-cdb4-49ca-bb65-4ab652b09e11,Justin Mason,burnspaul215@gmail.com,2024-09-12T20:53:04,2024-09-12T20:53:04,MDcnhDt0@4,Thailand,+133,580.950.1730,8e2d4332-3406-4d43-bd27-321901888aef,2024-09-12T19:11:04,2025-01-16T17:21:25.914517,2024-09-13T02:35:04,http://www.carpenter.info/,63138,Barbara,Neal,Set designer,166.23.26.171,True,True,3
dab35b08-d243-4cb3-96e0-b57887b3b2e4,Nicole Carter,williamsmichael408@yahoo.com,2024-03-28T03:36:09,2024-03-28T03:36:09,J90VmqWj_R,Tuvalu,+250,(420)303-3737x825,6277d6ad-c7a5-4320-84f0-239d037b71ea,2024-03-27T10:27:09,2025-01-16T17:21:25.915517,2024-03-28T11:09:09,https://www.parrish.com/,47705,Timothy,Silva,Clinical research associate,143.138.247.226,True,True,4
bc28efdd-8bfb-48b2-853c-c6ea64d83007,David Guzman,randall521350@yahoo.com,2024-06-29T14:31:55,2024-06-29T14:31:55,&p6VPQOh8V,Isle of Man,+70,745.422.3993,9184eb94-9367-4703-bed5-f2f8af4167bc,2024-06-28T16:47:55,2025-01-16T17:21:25.916517,2024-06-30T01:00:55,https://lawson.com/,70371,Jessica,Mitchell,Commissioning editor,56.193.34.161,False,True,3
cf6a83a0-50a5-4c0d-a12a-a2be5fb9f2e3,Aaron Diaz,ycaldwell481@gmail.com,2024-12-10T14:10:49,2024-12-10T14:10:49,$o0#Sz$X7V,Maldives,+813,+1-496-529-7547x60236,26004161-6d27-4944-8871-d5f2a0296e59,2024-12-09T19:54:49,2025-01-16T17:21:25.916517,2024-12-10T22:35:49,http://garcia-carter.com/,90126,Katie,Hogan,Maintenance engineer,133.186.220.137,False,True,2
a708b7b4-1135-4c09-956b-b8d8abd9bd17,Dennis Lowery,thomasdana868@hotmail.com,2024-12-02T06:59:50,2024-12-02T06:59:50,VlpHX8cm(0,Spain,+1,712.783.1087x482,044f3f5f-bfe0-469f-b0ad-3183b9677dce,2024-12-01T16:28:50,2025-01-16T17:21:25.917517,2024-12-02T15:12:50,http://www.fisher.com/,11085,Joshua,Garcia,Futures trader,210.215.242.160,True,True,3
d59b38e4-a123-4dd5-b29b-31e0f981b4ec,Samantha Turner,michellemckay911@gmail.com,2024-11-26T21:08:12,2024-11-26T21:08:12,FrnE#2Oei7,Vanuatu,+355,5086930813,2e7377e0-8b7e-43fd-8a46-bccdfff48058,2024-11-26T14:47:12,2025-01-16T17:21:25.918517,2024-11-26T23:20:12,https://brown.biz/,60250,Daniel,Thomas,Patent attorney,132.181.83.80,True,True,4
5a0636e7-2d83-488e-ba9e-93473054c116,Heather Rivera,stacie38163@grant-curry.com,2024-09-19T07:38:59,2024-09-19T07:38:59,GfY*wZtv&6,French Guiana,+532,9466417029,2eb5759b-b36b-4e66-9030-32b93ad5dc8b,2024-09-18T13:16:59,2025-01-16T17:21:25.918517,2024-09-19T19:35:59,http://www.bates.com/,49539,Carol,Young,Chief Operating Officer,181.92.85.201,True,True,4
c327fe1b-2d0c-4f70-8070-8340fc353385,Ashley Barber,travis501210@outlook.com,2024-04-23T00:51:27,2024-04-23T00:51:27,!*XPmy8w)6,Russian Federation,+358,+1-425-467-2477x061,213fe538-4aff-433a-8678-cffacc4ec1bd,2024-04-22T03:16:27,2025-01-16T17:21:25.919519,2024-04-23T05:57:27,http://www.lewis-henderson.com/,45991,Michael,Brennan,Electronics engineer,32.104.62.171,True,False,4
9889ed0a-8123-4bbd-924e-f17f6e07ebd7,Victoria Stein,john73591@outlook.com,2024-02-24T06:26:58,2024-02-24T06:26:58,xU#V2ZkT#f,Saint Vincent and the Grenadines,+279,573.427.1794x49937,2cda6b76-0056-45fd-a0a2-aa866d31f363,2024-02-24T02:20:58,2025-01-16T17:21:25.920517,2024-02-24T11:10:58,http://wilson.org/,30077,Christopher,Moore,Acupuncturist,129.227.234.63,True,True,1
52658bc6-0887-459f-bf23-f67eb9badcba,Robert Howard,jeremy67830@brown.org,2024-02-29T13:50:51,2024-02-29T13:50:51,@MS*6Zrvrt,Chad,+825,999-978-0880x4363,35c2be6c-bc3c-458e-a032-cc1cf271b078,2024-02-29T00:45:51,2025-01-16T17:21:25.920517,2024-02-29T19:54:51,http://www.lewis.com/,87651,Nicole,Joseph,"Psychologist, clinical",174.163.163.70,True,True,1
0eb570bf-4047-4530-819f-ecc9bbbbc7e3,Christopher Fisher,sandersmichelle763@outlook.com,2024-08-20T20:46:53,2024-08-20T20:46:53,^2^9Zx2XH%,Senegal,+609,001-695-821-7136x010,3c025945-e6d2-4a8f-9a71-78eccce4bdec,2024-08-20T17:32:53,2025-01-16T17:21:25.921517,2024-08-20T21:20:53,http://www.santana.net/,76861,Samuel,Cunningham,Insurance broker,73.193.168.250,True,True,2
21da02e6-d2ca-4ef3-8ba3-157bba49e08a,David Norris,darrell92517@yahoo.com,2024-05-14T20:14:59,2024-05-14T20:14:59,&ZhNoPXx(3,Tanzania,+324,533-497-5714x8748,ab9d6f82-9c78-40ea-a13c-af0f9fc0eb6c,2024-05-14T10:52:59,2025-01-16T17:21:25.921517,2024-05-15T04:13:59,https://williams.com/,63994,Gina,Lam,Gaffer,200.19.131.197,True,True,1
3b3fcf50-ad35-40c9-900b-f8f0a7ed8e9e,Kayla Dougherty,anthony50828@outlook.com,2024-09-01T00:37:16,2024-09-01T00:37:16,*uRVVzGz8X,Cocos (Keeling) Islands,+90,001-375-612-0282,6bd4acb1-61e4-4d3c-b7b8-fbdb0b984bdf,2024-08-31T05:04:16,2025-01-16T17:21:25.922517,2024-09-01T05:31:16,http://griffin.com/,20527,Victoria,Paul,"Chemist, analytical",210.91.144.124,False,True,3
80e8bc66-35a4-490e-be74-d77d9d8a40e4,Denise Schmidt,ricecrystal673@yahoo.com,2024-03-07T22:02:39,2024-03-07T22:02:39,_@5IfzJ%O7,Bolivia,+591,478-423-2906x040,c1eb656d-5651-4ead-a38a-4e0e81604d47,2024-03-06T22:35:39,2025-01-16T17:21:25.922517,2024-03-08T02:29:39,https://www.hampton-dunn.com/,23918,Nicholas,Johnson,Medical laboratory scientific officer,136.193.56.138,True,True,1
0c796797-99ff-4511-ba79-2fd6bdcfb748,Jay Martinez,matthew201201@richmond-bowman.com,2024-05-14T21:18:24,2024-05-14T21:18:24,#0f(wNfPXs,Greece,+500,456.983.3013,ae92118e-9438-4ad5-a78b-8e02e508a56f,2024-05-14T17:29:24,2025-01-16T17:21:25.923806,2024-05-15T03:38:24,http://www.lewis.com/,67500,Kathy,Elliott,Chartered management accountant,175.227.171.77,False,True,4
5e6fa93b-7baa-40fd-8683-b4b98a1e0890,Teresa Young,goodwinjames1432@yahoo.com,2024-02-23T10:08:27,2024-02-23T10:08:27,*#^4LpMg*a,Saint Martin,+550,(850)895-4310x687,d8ff7383-da94-4ce3-83aa-6688f0eea2d3,2024-02-22T10:22:27,2025-01-16T17:21:25.924804,2024-02-23T13:13:27,http://evans-fischer.com/,29338,Julie,Shaffer,Information systems manager,147.204.243.255,True,True,1
952de55d-827f-4099-9a44-71ebaa2eb405,Barry Thomas,alexandra31551@gmail.com,2024-11-27T00:08:37,2024-11-27T00:08:37,$Q9JpQQX@t,Oman,+320,(371)925-7334,6bb10640-de6b-43ae-8831-faa55018829c,2024-11-26T14:46:37,2025-01-16T17:21:25.924804,2024-11-27T03:37:37,http://baker-joseph.org/,52777,Sara,Diaz,Applications developer,37.216.143.182,True,False,4
598281c0-aca8-4379-aa9e-6147b012927c,Cathy Stewart,tammycain33@hotmail.com,2024-05-31T23:18:21,2024-05-31T23:18:21,Bl&)7JTq&7,Togo,+273,5712907649,6c6c7717-b2d1-40c7-bd63-e44583b831be,2024-05-31T01:59:21,2025-01-16T17:21:25.925805,2024-06-01T00:08:21,https://www.martinez.com/,07042,Kenneth,Oconnor,Chartered loss adjuster,146.151.247.9,True,True,5
445944e5-9fc7-47f1-a5db-fc0f865f8551,Keith Burns,zrollins1126@ward.net,2024-12-06T15:31:26,2024-12-06T15:31:26,tI0#DtyUx*,South Africa,+475,493.288.6428x521,3f6a4f02-95e1-4779-b0d1-f244a43f0897,2024-12-06T05:45:26,2025-01-16T17:21:25.926804,2024-12-06T17:46:26,https://miranda.com/,62072,Kyle,Humphrey,"Psychologist, counselling",181.145.152.246,True,True,3
bfd21fb8-1338-44e0-902e-adafce54c534,Linda Bennett,froberts912@payne-boyd.com,2024-04-30T03:14:19,2024-04-30T03:14:19,G9VQpgtF&C,Costa Rica,+521,+1-985-637-6193x0848,b6572f01-5bec-4dba-a956-03a55a3a9a96,2024-04-29T20:08:19,2025-01-16T17:21:25.926804,2024-04-30T03:34:19,http://www.munoz-allen.com/,85955,Marc,Arnold,Fisheries officer,194.104.6.234,False,True,2
61f861d6-a29d-4fbe-98d2-511295106868,Kimberly Campos,angie25802@gmail.com,2024-07-08T02:17:36,2024-07-08T02:17:36,LD9XNXio$E,Martinique,+778,493-340-2137x2449,535bc8b5-2b00-419d-9c39-95c49b680b51,2024-07-07T15:14:36,2025-01-16T17:21:25.927803,2024-07-08T02:41:36,https://martin.org/,88663,Mark,Cross,Chartered loss adjuster,58.214.63.198,False,True,3
d6ab3682-d2cd-4a8f-9114-e830a3e96a9c,Bryan Carter,gfischer322@gmail.com,2024-05-08T21:14:06,2024-05-08T21:14:06,$QQF0YqpXd,Namibia,+217,2293344177,c7624be0-ff69-48e4-81d8-3c5101ae2bba,2024-05-08T07:28:06,2025-01-16T17:21:25.928804,2024-05-09T03:49:06,https://www.hardin-wilkins.org/,90373,Tonya,Smith,Electrical engineer,130.232.131.13,False,False,1
c2bbeed8-7d03-4977-87ee-8b1403462d01,William Taylor,roberthill1092@mcdonald.com,2024-07-25T15:17:06,2024-07-25T15:17:06,gaQeCXHc(0,Iceland,+862,+1-618-735-4062x6397,220696bc-25cd-4b39-9a6d-16f831f38bb8,2024-07-24T21:36:06,2025-01-16T17:21:25.928804,2024-07-25T21:01:06,https://payne-brown.com/,44713,Sarah,Ramsey,"Administrator, sports",8.181.125.252,True,True,3
